{"cameraMode":{"drawMode":0,"name":"Shaded","section":"Shading Mode"},"sceneLighting":false,"audioPlay":false,"sceneViewState":{"showFog":true,"showMaterialUpdate":false,"showSkybox":true,"showFlares":true,"showImageEffects":true,"showParticleSystems":true},"in2DMode":false,"pivot":{"x":0.007535457611083984,"y":1.0573724508285523,"z":-0.032643258571624759},"rotation":{"x":0.05692121759057045,"y":0.9430786371231079,"z":-0.231996551156044,"w":0.2313879132270813},"size":17.094167709350587,"orthographic":false}