{"cameraMode":{"drawMode":0,"name":"Shaded","section":"Shading Mode"},"sceneLighting":false,"audioPlay":false,"sceneViewState":{"showFog":true,"showMaterialUpdate":false,"showSkybox":true,"showFlares":true,"showImageEffects":true,"showParticleSystems":true},"in2DMode":false,"pivot":{"x":55.9289665222168,"y":111.65734100341797,"z":-56.57632064819336},"rotation":{"x":0.007557880133390427,"y":0.4970303773880005,"z":-0.004329556133598089,"w":0.8676894307136536},"size":17.735824584960939,"orthographic":false}